{"cameraMode":{"drawMode":0,"name":"Shaded","section":"Shading Mode"},"sceneLighting":false,"audioPlay":false,"sceneViewState":{"m_AlwaysRefresh":false,"showFog":true,"showSkybox":false,"showFlares":true,"showImageEffects":true,"showParticleSystems":true,"showVisualEffectGraphs":true,"m_FxEnabled":true},"in2DMode":false,"pivot":{"x":-2.680000066757202,"y":0.7399950623512268,"z":-0.23100002110004426},"rotation":{"x":0.08216864615678787,"y":-0.6552509665489197,"z":0.07208267599344254,"w":0.7476241588592529},"size":0.22407230734825135,"orthographic":false}